fips,name
45031,Darlington
45051,Horry
28057,Itawamba
53025,Grant
36085,Richmond
42073,Lawrence
37093,Hoke
20081,Haskell
18115,Ohio
48213,Henderson
21183,Ohio
20095,Kingman
46073,Jerauld
47055,Giles
20085,Jackson
37131,Northampton
30103,Treasure
37167,Stanly
30053,Lincoln
30047,Lake
37191,Wayne
08035,Douglas
48501,Yoakum
30045,Judith Basin
55097,Portage
45039,Fairfield
37047,Columbus
54105,Wirt
24017,Charles
13223,Paulding
36029,Erie
20151,Pratt
39013,Belmont
02195,Petersburg
42015,Bradford
13239,Quitman
36041,Hamilton
54071,Pendleton
05003,Ashley
27053,Hennepin
51073,Gloucester
48369,Parmer
37147,Pitt
17047,Edwards
51001,Accomack
13319,Wilkinson
48383,Reagan
51093,Isle of Wight
17105,Livingston
48323,Maverick
31087,Hitchcock
05061,Howard
54073,Pleasants
21171,Monroe
46017,Buffalo
21025,Breathitt
05021,Clay
47189,Wilson
06083,Santa Barbara
42011,Berks
34015,Gloucester
48301,Loving
13127,Glynn
40129,Roger Mills
21053,Clinton
37187,Washington
05007,Benton
36043,Herkimer
42077,Lehigh
37013,Beaufort
13225,Peach
05025,Cleveland
08089,Otero
28031,Covington
13115,Floyd
47011,Bradley
13211,Morgan
47013,Campbell
19183,Washington
48295,Lipscomb
30033,Garfield
16037,Custer
39121,Noble
47021,Cheatham
48173,Glasscock
29141,Morgan
37141,Pender
40057,Harmon
48453,Travis
55115,Shawano
19197,Wright
48415,Scurry
38019,Cavalier
22119,Webster
31067,Gage
17041,Douglas
39175,Wyandot
47053,Gibson
06049,Modoc
18137,Ripley
08011,Bent
17131,Mercer
13263,Talbot
48507,Zavala
27115,Pine
26127,Oceana
20077,Harper
48133,Eastland
42035,Clinton
51065,Fluvanna
51113,Madison
01103,Morgan
18153,Sullivan
29219,Warren
26069,Iosco
04005,Coconino
26057,Gratiot
42053,Forest
42067,Juniata
45023,Chester
45005,Allendale
19061,Dubuque
47119,Maury
26107,Mecosta
39057,Greene
05009,Boone
18139,Rush
40141,Tillman
26149,St. Joseph
27173,Yellow Medicine
40049,Garvin
40127,Pushmataha
08111,San Juan
34023,Middlesex
55007,Bayfield
47187,Williamson
30105,Valley
51117,Mecklenburg
27061,Itasca
01063,Greene
55017,Chippewa
37007,Anson
37065,Edgecombe
16069,Nez Perce
39063,Hancock
42083,McKean
26063,Huron
27051,Grant
47133,Overton
08091,Ouray
54103,Wetzel
28011,Bolivar
29145,Newton
42081,Lycoming
48477,Washington
20111,Lyon
48329,Midland
12109,St. Johns
39117,Morrow
13135,Gwinnett
16075,Payette
08045,Garfield
13069,Coffee
01073,Jefferson
12117,Seminole
38077,Richland
13007,Baker
54089,Summers
08015,Chaffee
55135,Waupaca
13291,Union
24037,St. Mary's
55078,Menominee
38033,Golden Valley
23019,Penobscot
29047,Clay
51750,Radford
33001,Belknap
13075,Cook
12107,Putnam
17153,Pulaski
51678,Lexington
46057,Hamlin
46045,Edmunds
19059,Dickinson
18005,Bartholomew
48121,Denton
18109,Morgan
09015,Windham
29510,St. Louis City
48107,Crosby
46047,Fall River
29083,Henry
17097,Lake
25027,Worcester
05065,Izard
22067,Morehouse
51710,Norfolk
27075,Lake
12005,Bay
42023,Cameron
53055,San Juan
48341,Moore
39071,Highland
22009,Avoyelles
41029,Jackson
22021,Caldwell
48291,Liberty
53049,Pacific
21131,Leslie
28075,Lauderdale
01117,Shelby
13249,Schley
39173,Wood
36001,Albany
05139,Union
40145,Wagoner
37113,Macon
22097,St. Landry
47045,Dyer
13221,Oglethorpe
08067,La Plata
26129,Ogemaw
18037,Dubois
49001,Beaver
09011,New London
36097,Schuyler
31041,Custer
19177,Van Buren
47029,Cocke
35015,Eddy
39165,Warren
29009,Barry
48001,Anderson
28123,Scott
27015,Brown
50003,Bennington
13147,Hart
29139,Montgomery
25019,Nantucket
48151,Fisher
42055,Franklin
38007,Billings
36013,Chautauqua
18145,Shelby
06029,Kern
46105,Perkins
29181,Ripley
30017,Custer
37001,Alamance
37095,Hyde
48205,Hartley
06021,Glenn
45085,Sumter
27149,Stevens
48459,Upshur
40101,Muskogee
28001,Adams
19143,Osceola
47083,Houston
08007,Archuleta
21133,Letcher
27039,Dodge
06037,Los Angeles
42099,Perry
54045,Logan
13191,McIntosh
12111,St. Lucie
31081,Hamilton
21015,Boone
48215,Hidalgo
28055,Issaquena
48319,Mason
13109,Evans
36107,Tioga
42007,Beaver
31079,Hall
36047,Kings
13051,Chatham
34029,Ocean
21007,Ballard
02170,Matanuska-Susitna
21229,Washington
31163,Sherman
26059,Hillsdale
48095,Concho
21105,Hickman
02110,Juneau
19135,Monroe
20159,Rice
05089,Marion
22017,Caddo
48043,Brewster
48465,Val Verde
53017,Douglas
37105,Lee
54019,Fayette
53003,Asotin
17171,Scott
08003,Alamosa
30099,Teton
47073,Hawkins
13083,Dade
48039,Brazoria
23027,Waldo
26029,Charlevoix
30029,Flathead
46079,Lake
28073,Lamar
13137,Habersham
48067,Cass
12087,Monroe
26155,Shiawassee
21153,Magoffin
17173,Shelby
16063,Lincoln
48391,Refugio
26003,Alger
39009,Athens
47181,Wayne
46061,Hanson
19045,Clinton
21169,Metcalfe
48311,McMullen
10005,Sussex
47033,Crockett
17043,DuPage
21191,Pendleton
19121,Madison
02164,Lake and Peninsula
36023,Cortland
27157,Wabasha
44001,Bristol
16073,Owyhee
24045,Wicomico
20037,Crawford
17075,Iroquois
26153,Schoolcraft
37015,Bertie
48137,Edwards
21219,Todd
13177,Lee
27125,Red Lake
28159,Winston
25015,Hampshire
47171,Unicoi
48309,McLennan
54041,Lewis
17037,DeKalb
13123,Gilmer
49009,Daggett
13195,Madison
39007,Ashtabula
01111,Randolph
19169,Story
27003,Anoka
39073,Hocking
38095,Towner
41011,Coos
13043,Candler
31097,Johnson
48007,Aransas
23007,Franklin
40055,Greer
22055,Lafayette
08121,Washington
30081,Ravalli
50017,Orange
41053,Polk
34035,Somerset
41043,Linn
40153,Woodward
54037,Jefferson
51067,Franklin
45063,Lexington
54059,Mingo
55091,Pepin
01069,Houston
48003,Andrews
30089,Sanders
56015,Goshen
45021,Cherokee
21093,Hardin
36105,Sullivan
06069,San Benito
31141,Platte
19107,Keokuk
19077,Guthrie
18081,Johnson
34031,Passaic
55133,Waukesha
30083,Richland
13155,Irwin
51036,Charles City
26113,Missaukee
48331,Milam
28007,Attala
06043,Mariposa
08083,Montezuma
49045,Tooele
32007,Elko
56001,Albany
13029,Bryan
51520,Bristol
31175,Valley
35039,Rio Arriba
01099,Monroe
54027,Hampshire
55083,Oconto
20069,Gray
39145,Scioto
53077,Yakima
20099,Labette
35033,Mora
51109,Louisa
54017,Doddridge
30087,Rosebud
22037,East Feliciana
36037,Genesee
06107,Tulare
40113,Osage
29037,Cass
27001,Aitkin
27127,Redwood
22007,Assumption
51087,Henrico
53045,Mason
12019,Clay
40027,Cleveland
36089,St. Lawrence
19055,Delaware
51770,Roanoke City
05005,Baxter
39133,Portage
19097,Jackson
38041,Hettinger
44003,Kent
01039,Covington
36021,Columbia
55029,Door
19041,Clay
45083,Spartanburg
17093,Kendall
13301,Warren
40109,Oklahoma
21023,Bracken
21081,Grant
20205,Wilson
29186,Ste. Genevieve
51760,Richmond City
36067,Onondaga
17181,Union
22099,St. Martin
27091,Martin
21013,Bell
48025,Bee
19025,Calhoun
47185,White
05071,Johnson
06075,San Francisco
48113,Dallas
19123,Mahaska
21179,Nelson
19129,Mills
28143,Tunica
41015,Curry
55039,Fond du Lac
47129,Morgan
08027,Custer
40087,McClain
16061,Lewis
20189,Stevens
13171,Lamar
49011,Davis
54031,Hardy
34017,Hudson
19031,Cedar
29027,Callaway
30109,Wibaux
27045,Fillmore
27069,Kittson
08107,Routt
28145,Union
05011,Bradley
16059,Lemhi
16009,Benewah
13267,Tattnall
32003,Clark
29031,Cape Girardeau
46137,Ziebach
47025,Claiborne
04025,Yavapai
55085,Oneida
13295,Walker
51830,Williamsburg
48041,Brazos
19195,Worth
51021,Bland
38013,Burke
20137,Norton
54079,Putnam
13037,Calhoun
40017,Canadian
49033,Rich
06059,Orange
26019,Benzie
17127,Massac
29147,Nodaway
18149,Starke
50021,Rutland
13243,Randolph
46095,Mellette
21217,Taylor
31125,Nance
47109,McNairy
36061,New York City
08119,Teller
36081,Queens
32033,White Pine
38053,McKenzie
13285,Troup
13189,McDuffie
53015,Cowlitz
04021,Pinal
23011,Kennebec
29005,Atchison
45001,Abbeville
05013,Calhoun
29183,St. Charles
39105,Meigs
09007,Middlesex
06031,Kings
28103,Noxubee
21125,Laurel
12129,Wakulla
48127,Dimmit
48345,Motley
24021,Frederick
13317,Wilkes
13193,Macon
37181,Vance
47067,Hancock
41049,Morrow
20191,Sumner
45007,Anderson
17065,Hamilton
29091,Howell
37087,Haywood
27123,Ramsey
26013,Baraga
48115,Dawson
47149,Rutherford
16017,Bonner
54097,Upshur
48079,Cochran
48269,King
31113,Logan
55045,Green
21069,Fleming
20171,Scott
56021,Laramie
21009,Barren
17081,Jefferson
48209,Hays
45091,York
31011,Boone
16023,Butte
56033,Sheridan
36083,Rensselaer
21063,Elliott
01067,Henry
28025,Clay
36121,Wyoming
12063,Jackson
48395,Robertson
28061,Jasper
51177,Spotsylvania
36115,Washington
45089,Williamsburg
48021,Bastrop
39045,Fairfield
46071,Jackson
31173,Thurston
48005,Angelina
20097,Kiowa
35041,Roosevelt
22107,Tensas
13015,Bartow
20007,Barber
42013,Blair
51730,Petersburg
48225,Houston
55105,Rock
09005,Litchfield
21173,Montgomery
48045,Briscoe
56025,Natrona
28153,Wayne
18033,DeKalb
39055,Geauga
46019,Butte
26047,Emmet
35043,Sandoval
41003,Benton
48163,Frio
16067,Minidoka
37029,Camden
54093,Tucker
08009,Baca
20053,Ellsworth
51049,Cumberland
23023,Sagadahoc
05127,Scott
35045,San Juan
34005,Burlington
05077,Lee
32510,Carson City
55011,Buffalo
21055,Crittenden
54001,Barbour
08021,Conejos
48259,Kendall
01055,Etowah
55015,Calumet
46111,Sanborn
20109,Logan
38093,Stutsman
38047,Logan
06001,Alameda
31185,York
20051,Ellis
41021,Gilliam
51077,Grayson
55019,Clark
26093,Livingston
13011,Banks
31063,Frontier
20003,Anderson
20131,Nemaha
42057,Fulton
51660,Harrisonburg
48351,Newton
38089,Stark
37121,Mitchell
38051,McIntosh
53065,Stevens
13001,Appling
54053,Mason
26011,Arenac
13099,Early
42071,Lancaster
48081,Coke
48489,Willacy
48207,Haskell
51007,Amelia
28005,Amite
31043,Dakota
21109,Jackson
56013,Fremont
36027,Dutchess
40151,Woods
17133,Monroe
12059,Holmes
46103,Pennington
26151,Sanilac
05051,Garland
30077,Powell
38005,Benson
49037,San Juan
19019,Buchanan
26125,Oakland
48491,Williamson
48363,Palo Pinto
54091,Taylor
44009,Washington
19157,Poweshiek
17123,Marshall
18119,Owen
48105,Crockett
18155,Switzerland
48487,Wilbarger
13133,Greene
18065,Henry
51199,York
19159,Ringgold
49013,Duchesne
37089,Henderson
51149,Prince George
21043,Carter
31177,Washington
31085,Hayes
49003,Box Elder
31145,Red Willow
19191,Winneshiek
13119,Franklin
19137,Montgomery
51700,Newport News
55129,Washburn
18011,Boone
22071,Orleans
51720,Norton
45073,Oconee
48403,Sabine
54075,Pocahontas
25003,Berkshire
05059,Hot Spring
34011,Cumberland
05041,Desha
29163,Pike
45027,Clarendon
54083,Randolph
51057,Essex
37171,Surry
37127,Nash
40033,Cotton
26137,Otsego
18183,Whitley
29225,Webster
31021,Burt
42109,Snyder
05145,White
51125,Nelson
30015,Chouteau
51197,Wythe
02105,Hoonah-Angoon
01035,Conecuh
08069,Larimer
53053,Pierce
45081,Saluda
20035,Cowley
12077,Liberty
48159,Franklin
46087,McCook
18027,Daviess
48065,Carson
09013,Tolland
06009,Calaveras
28119,Quitman
48495,Winkler
17019,Champaign
48119,Delta
13237,Putnam
37117,Martin
54061,Monongalia
13153,Houston
17083,Jersey
51083,Halifax
42125,Washington
38099,Walsh
13125,Glascock
06027,Inyo
48101,Cottle
48411,San Saba
35023,Hidalgo
28095,Monroe
37115,Madison
06053,Monterey
49015,Emery
18039,Elkhart
20013,Brown
48161,Freestone
22087,St. Bernard
01071,Jackson
31047,Dawson
53043,Lincoln
42103,Pike
01081,Lee
30013,Cascade
46107,Potter
50011,Franklin
12103,Pinellas
51127,New Kent
39157,Tuscarawas
13277,Tift
45075,Orangeburg
51085,Hanover
32017,Lincoln
22109,Terrebonne
56045,Weston
15009,Maui
13023,Bleckley
08085,Montrose
48427,Starr
12075,Levy
51157,Rappahannock
46099,Minnehaha
19091,Humboldt
55075,Marinette
20155,Reno
54029,Hancock
46091,Marshall
16007,Bear Lake
16047,Gooding
48417,Shackelford
46135,Yankton
49053,Washington
29213,Taney
21189,Owsley
17139,Moultrie
18003,Allen
29137,Monroe
29223,Wayne
34003,Bergen
17029,Coles
42095,Northampton
18035,Delaware
17087,Johnson
08071,Las Animas
51095,James City
12011,Broward
05111,Poinsett
56037,Sweetwater
42105,Potter
19013,Black Hawk
54013,Calhoun
13107,Emanuel
30057,Madison
21107,Hopkins
19075,Grundy
30073,Pondera
28041,Greene
05069,Jefferson
17199,Williamson
05057,Hempstead
46101,Moody
41001,Baker
05083,Logan
42101,Philadelphia
48475,Ward
20157,Republic
13105,Elbert
25007,Dukes
27113,Pennington
37091,Hertford
20103,Leavenworth
47161,Stewart
12105,Polk
22083,Richland
48317,Martin
21141,Logan
37169,Stokes
38079,Rolette
47123,Monroe
38023,Divide
35059,Union
20029,Cloud
08059,Jefferson
02013,Aleutians East
19039,Clarke
37111,McDowell
20021,Cherokee
06087,Santa Cruz
38097,Traill
20113,McPherson
42061,Huntingdon
47001,Anderson
46115,Spink
12057,Hillsborough
27013,Blue Earth
38027,Eddy
32019,Lyon
47113,Madison
28067,Jones
28113,Pike
48355,Nueces
06111,Ventura
36045,Jefferson
12027,DeSoto
36123,Yates
22113,Vermilion
17121,Marion
48251,Johnson
27099,Mower
46117,Stanley
06115,Yuba
13315,Wilcox
48401,Rusk
29153,Ozark
29215,Texas
01075,Lamar
36019,Clinton
48199,Hardin
41057,Tillamook
42111,Somerset
13057,Cherokee
13151,Henry
29211,Sullivan
45043,Georgetown
18061,Harrison
28029,Copiah
51840,Winchester
21201,Robertson
41041,Lincoln
48409,San Patricio
06057,Nevada
29203,Shannon
42029,Chester
41059,Umatilla
46021,Campbell
20161,Riley
40111,Okmulgee
40039,Custer
26133,Osceola
40031,Comanche
21135,Lewis
51075,Goochland
17117,Macoupin
26101,Manistee
44005,Newport
01021,Chilton
29049,Clinton
31161,Sheridan
12023,Columbia
42091,Montgomery
22125,West Feliciana
05115,Pope
48231,Hunt
48241,Jasper
04007,Gila
24033,Prince George's
29177,Ray
21039,Carlisle
28019,Choctaw
51101,King William
26105,Mason
54033,Harrison
13297,Walton
22049,Jackson
28063,Jefferson
51051,Dickenson
08041,El Paso
55057,Juneau
40011,Blaine
17129,Menard
20209,Wyandotte
29023,Butler
27059,Isanti
47079,Henry
19139,Muscatine
55077,Marquette
25025,Suffolk
20011,Bourbon
48075,Childress
18163,Vanderburgh
50007,Chittenden
20119,Meade
48483,Wheeler
24047,Worcester
54069,Ohio
21237,Wolfe
01083,Limestone
18041,Fayette
40051,Grady
48263,Kent
48061,Cameron
55089,Ozaukee
48431,Sterling
22095,St. John the Baptist
25001,Barnstable
18075,Jay
12013,Calhoun
47087,Jackson
05137,Stone
40019,Carter
21211,Shelby
24001,Allegany
42037,Columbia
51145,Powhatan
18077,Jefferson
42063,Indiana
51185,Tazewell
48109,Culberson
06089,Shasta
06067,Sacramento
31179,Wayne
37151,Randolph
18045,Fountain
41013,Crook
37103,Jones
31169,Thayer
55065,Lafayette
08063,Kit Carson
38101,Ward
23001,Androscoggin
12071,Lee
17145,Perry
41067,Washington
53031,Jefferson
45047,Greenwood
37085,Harnett
51510,Alexandria
01027,Clay
38073,Ransom
51595,Emporia
51047,Culpeper
37173,Swain
06013,Contra Costa
02282,Yakutat
21051,Clay
26037,Clinton
46035,Davison
06091,Sierra
54087,Roane
37143,Perquimans
39021,Champaign
01095,Marshall
40067,Jefferson
38087,Slope
21215,Spencer
31143,Polk
38061,Mountrail
46015,Brule
53039,Klickitat
05035,Crittenden
20169,Saline
55023,Crawford
53069,Wahkiakum
17193,White
20153,Rawlins
47097,Lauderdale
27155,Traverse
13289,Twiggs
05081,Little River
38105,Williams
26109,Menominee
42005,Armstrong
21181,Nicholas
13283,Treutlen
37161,Rutherford
27009,Benton
40083,Logan
27109,Olmsted
36065,Oneida
25005,Bristol
20075,Hamilton
13217,Newton
24011,Caroline
30027,Fergus
41037,Lake
21079,Garrard
13157,Jackson
41045,Malheur
28089,Madison
31147,Richardson
06041,Marin
42043,Dauphin
18019,Clark
38015,Burleigh
13145,Harris
21123,Larue
05101,Newton
47095,Lake
27137,St. Louis
48091,Comal
46129,Walworth
27085,McLeod
30091,Sheridan
48397,Rockwall
51111,Lunenburg
22015,Bossier
48315,Marion
19071,Fremont
45003,Aiken
41033,Josephine
13299,Ware
47075,Haywood
22041,Franklin
19109,Kossuth
27101,Murray
42019,Butler
48381,Randall
30043,Jefferson
21071,Floyd
05023,Cleburne
27025,Chisago
21041,Carroll
42033,Clearfield
02068,Denali
39123,Ottawa
48413,Schleicher
54063,Monroe
29167,Polk
45033,Dillon
66000,
48463,Uvalde
48177,Gonzales
48139,Ellis
01129,Washington
01007,Bibb
18167,Vigo
17017,Cass
39115,Morgan
02070,Dillingham
53063,Spokane
39101,Marion
39035,Cuyahoga
20061,Geary
19021,Buena Vista
12099,Palm Beach
39041,Delaware
38103,Wells
39107,Mercer
05027,Columbia
27087,Mahnomen
24025,Harford
51195,Wise
42069,Lackawanna
22081,Red River
40085,Love
16041,Franklin
48349,Navarro
37199,Yancey
42093,Montour
31131,Otoe
39037,Darke
27033,Cottonwood
21239,Woodford
20009,Barton
53033,King
06081,San Mateo
05085,Lonoke
13271,Telfair
22121,West Baton Rouge
48049,Brown
29169,Pulaski
19067,Floyd
42049,Erie
21037,Campbell
49021,Iron
41063,Wallowa
47007,Bledsoe
47031,Coffee
51620,Franklin City
13067,Cobb
20183,Smith
12085,Martin
37083,Halifax
21085,Grayson
36017,Chenango
51153,Prince William
60000,
30021,Dawson
55053,Jackson
13173,Lanier
20055,Finney
30085,Roosevelt
21227,Warren
21021,Boyle
37185,Warren
47071,Hardin
19033,Cerro Gordo
55027,Dodge
21057,Cumberland
01133,Winston
13197,Marion
05043,Drew
27067,Kandiyohi
02016,Aleutians West
19003,Adams
13027,Brooks
50023,Washington
18157,Tippecanoe
48011,Armstrong
42009,Bedford
06097,Sonoma
21001,Adair
31091,Hooker
17067,Hancock
20071,Greeley
22059,LaSalle
18063,Hendricks
39017,Butler
48469,Victoria
13273,Terrell
22029,Concordia
37175,Transylvania
39155,Trumbull
39031,Coshocton
38057,Mercer
12037,Franklin
26071,Iron
40131,Rogers
31009,Blaine
30003,Big Horn
13121,Fulton
26145,Saginaw
31157,Scotts Bluff
54005,Boone
55123,Vernon
49049,Utah
35009,Curry
16011,Bingham
37189,Watauga
48303,Lubbock
53051,Pend Oreille
37133,Onslow
19083,Hardin
48087,Collingsworth
16071,Oneida
18151,Steuben
18059,Hancock
47183,Weakley
48307,McCulloch
20123,Mitchell
41055,Sherman
05131,Sebastian
21163,Meade
48249,Jim Wells
13049,Charlton
42021,Cambria
45053,Jasper
28071,Lafayette
17031,Cook
40077,Latimer
06025,Imperial
48283,La Salle
28009,Benton
17191,Wayne
08029,Delta
08005,Arapahoe
55051,Iron
27135,Roseau
12029,Dixie
55067,Langlade
46023,Charles Mix
49043,Summit
05103,Ouachita
22023,Cameron
26139,Ottawa
01119,Sumter
13169,Jones
46033,Custer
55107,Rusk
17053,Ford
08065,Lake
21231,Wayne
29119,McDonald
40043,Dewey
27049,Goodhue
49007,Carbon
17085,Jo Daviess
47049,Fentress
55069,Lincoln
54021,Gilmer
37067,Forsyth
48359,Oldham
51159,Richmond
20107,Linn
29129,Mercer
13013,Barrow
29063,DeKalb
42075,Lebanon
25021,Norfolk
27063,Jackson
51179,Stafford
20187,Stanton
31075,Grant
18159,Tipton
12073,Leon
29109,Lawrence
13017,Ben Hill
02188,Northwest Arctic
48237,Jack
22089,St. Charles
17111,McHenry
05049,Fulton
28109,Pearl River
48299,Llano
53029,Island
48279,Lamb
41027,Hood River
38071,Ramsey
27027,Clay
48143,Erath
48377,Presidio
36095,Schoharie
20139,Osage
20163,Rooks
50025,Windham
29175,Randolph
37063,Durham
19131,Mitchell
36093,Schenectady
08001,Adams
31183,Wheeler
51019,Bedford
29033,Carroll
48285,Lavaca
31099,Kearney
23031,York
37035,Catawba
13205,Mitchell
17049,Effingham
17109,McDonough
08075,Logan
19085,Harrison
17035,Cumberland
48393,Roberts
20117,Marshall
21119,Knott
08073,Lincoln
26079,Kalkaska
48247,Jim Hogg
01041,Crenshaw
06061,Placer
28155,Webster
49005,Cache
21167,Mercer
39159,Union
26147,St. Clair
19155,Pottawattamie
53075,Whitman
35001,Bernalillo
19165,Shelby
34033,Salem
05045,Faulkner
24027,Howard
51187,Warren
30101,Toole
13233,Polk
17051,Fayette
51015,Augusta
48473,Waller
23003,Aroostook
28079,Leake
23013,Knox
56039,Teton
29187,St. Francois
48059,Callahan
29197,Schuyler
17073,Henry
28135,Tallahatchie
21225,Union
48153,Floyd
06017,El Dorado
36005,Bronx
21147,McCreary
30079,Prairie
45025,Chesterfield
48297,Live Oak
50001,Addison
28099,Neshoba
40139,Texas
39103,Medina
20001,Allen
40107,Okfuskee
29035,Carter
48185,Grimes
53059,Skamania
30069,Petroleum
27171,Wright
47059,Greene
12101,Pasco
12007,Bradford
13265,Taliaferro
51089,Henry
04015,Mohave
21065,Estill
28081,Lee
36075,Oswego
41065,Wasco
17201,Winnebago
29217,Vernon
48183,Gregg
28069,Kemper
27169,Winona
05099,Nevada
13141,Hancock
13187,Lumpkin
46029,Codington
01091,Marengo
21177,Muhlenberg
08039,Elbert
22069,Natchitoches
01077,Lauderdale
01005,Barbour
31045,Dawes
20141,Osborne
08037,Eagle
48245,Jefferson
30055,McCone
47141,Putnam
21077,Gallatin
48261,Kenedy
39033,Crawford
47091,Johnson
17059,Gallatin
05123,St. Francis
13183,Long
31055,Douglas
05125,Saline
01053,Escambia
39139,Richland
28027,Coahoma
17119,Madison
39077,Huron
48325,Medina
20047,Edwards
29201,Scott
06033,Lake
01061,Geneva
48227,Howard
45057,Lancaster
48117,Deaf Smith
34007,Camden
48497,Wise
40005,Atoka
51013,Arlington
36009,Cattaraugus
27159,Wadena
17197,Will
06099,Stanislaus
20133,Neosho
18057,Hamilton
18055,Greene
37081,Guilford
08099,Prowers
22117,Washington
12086,Miami-Dade
53011,Clark
20195,Trego
26035,Clare
01013,Butler
18147,Spencer
36091,Saratoga
48239,Jackson
27071,Koochiching
27089,Marshall
35053,Socorro
01127,Walker
17163,St. Clair
28023,Clarke
42039,Crawford
27005,Becker
21197,Powell
38039,Griggs
26091,Lenawee
55113,Sawyer
16077,Power
04013,Maricopa
48165,Gaines
31155,Saunders
37193,Wilkes
05037,Cross
31093,Howard
51045,Craig
48343,Morris
51680,Lynchburg
51640,Galax
54047,McDowell
31031,Cherry
27139,Scott
40037,Creek
48461,Upton
48277,Lamar
13021,Bibb
47015,Cannon
31109,Lancaster
27167,Wilkin
21195,Pike
54025,Greenbrier
06113,Yolo
13053,Chattahoochee
21149,McLean
47043,Dickson
38003,Barnes
17183,Vermilion
51027,Buchanan
46109,Roberts
40093,Major
16003,Adams
27017,Carlton
49027,Millard
48193,Hamilton
26045,Eaton
35003,Catron
39119,Muskingum
10003,New Castle
42131,Wyoming
08013,Boulder
54057,Mineral
48217,Hill
06079,San Luis Obispo
13305,Wayne
29185,St. Clair
30023,Deer Lodge
01093,Marion
16033,Clark
29229,Wright
12001,Alachua
46077,Kingsbury
51630,Fredericksburg
19053,Decatur
29053,Cooper
29209,Stone
48169,Garza
31153,Sarpy
51570,Colonial Heights
17045,Edgar
01045,Dale
39129,Pickaway
47159,Smith
55141,Wood
05039,Dallas
40089,McCurtain
30059,Meagher
32029,Storey
51035,Carroll
26087,Lapeer
45045,Greenville
37125,Moore
51097,King and Queen
12051,Hendry
48103,Crane
40097,Mayes
08117,Summit
23005,Cumberland
08023,Costilla
42107,Schuylkill
37049,Craven
38081,Sargent
05063,Independence
31053,Dodge
13091,Dodge
40121,Pittsburg
12067,Lafayette
40015,Caddo
51580,Covington
47061,Grundy
29081,Harrison
48243,Jeff Davis
12021,Collier
01015,Calhoun
28047,Harrison
30041,Hill
37051,Cumberland
18129,Posey
51171,Shenandoah
02240,Southeast Fairbanks
18029,Dearborn
17107,Logan
17095,Knox
21091,Hancock
13227,Pickens
51091,Highland
29107,Lafayette
20197,Wabaunsee
19175,Union
48155,Foard
21157,Marshall
31115,Loup
31065,Furnas
01105,Perry
13093,Dooly
13111,Fannin
48201,Harris
51135,Nottoway
01037,Coosa
26061,Houghton
26053,Gogebic
15005,Kalawao
51690,Martinsville
29071,Franklin
05149,Yell
54043,Lincoln
48365,Panola
48147,Fannin
31059,Fillmore
40009,Beckham
42089,Monroe
51820,Waynesboro
48419,Shelby
42087,Mifflin
18125,Pike
21103,Henry
36003,Allegany
22075,Plaquemines
29067,Douglas
39153,Summit
39047,Fayette
47169,Trousdale
12125,Union
26123,Newaygo
29131,Miller
46009,Bon Homme
21209,Scott
22065,Madison
26115,Monroe
12017,Citrus
32015,Lander
18179,Wells
31077,Greeley
51735,Poquoson
20207,Woodson
50013,Grand Isle
42065,Jefferson
51137,Orange
31027,Cedar
13279,Toombs
32027,Pershing
37059,Davie
48327,Menard
21185,Oldham
26067,Ionia
12127,Volusia
19125,Marion
24039,Somerset
13005,Bacon
29227,Worth
31129,Nuckolls
06039,Madera
45037,Edgefield
27057,Hubbard
01065,Hale
27007,Beltrami
13025,Brantley
37101,Johnston
17069,Hardin
28125,Sharkey
27121,Pope
49023,Juab
46102,Oglala Lakota
36063,Niagara
55101,Racine
33013,Merrimack
06065,Riverside
25023,Plymouth
30039,Granite
47117,Marshall
34041,Warren
22025,Catahoula
39061,Hamilton
37023,Burke
01033,Colbert
51115,Mathews
12049,Hardee
31107,Knox
48337,Montague
31025,Cass
17125,Mason
48181,Grayson
32013,Humboldt
29061,Daviess
05067,Jackson
48443,Terrell
17141,Ogle
18015,Carroll
40091,McIntosh
21151,Madison
37043,Clay
51003,Albemarle
22111,Union
05107,Phillips
22115,Vernon
48179,Gray
55111,Sauk
32011,Eureka
34037,Sussex
02158,Kusilvak
08095,Phillips
28043,Grenada
20083,Hodgeman
35061,Valencia
51163,Rockbridge
23029,Washington
18025,Crawford
47179,Washington
42001,Adams
40041,Delaware
19007,Appanoose
18085,Kosciusko
31049,Deuel
42113,Sullivan
40061,Haskell
26051,Gladwin
13039,Camden
39131,Pike
05001,Arkansas
39011,Auglaize
08051,Gunnison
46013,Brown
06023,Humboldt
27043,Faribault
40117,Pawnee
48447,Throckmorton
18087,LaGrange
05129,Searcy
48321,Matagorda
37123,Montgomery
06095,Solano
18105,Monroe
18047,Franklin
40047,Garfield
19035,Cherokee
22103,St. Tammany
40069,Johnston
13097,Douglas
20057,Ford
42047,Elk
31033,Cheyenne
39019,Carroll
05141,Van Buren
48451,Tom Green
21235,Whitley
18133,Putnam
29087,Holt
28085,Lincoln
12091,Okaloosa
54085,Ritchie
53013,Columbia
54101,Webster
01059,Franklin
51173,Smyth
28101,Newton
05097,Montgomery
51031,Campbell
31069,Garden
37025,Cabarrus
13245,Richmond
37019,Brunswick
51139,Page
27129,Renville
06045,Mendocino
13149,Heard
30049,Lewis and Clark
55013,Burnett
55137,Waushara
08105,Rio Grande
09003,Hartford
20073,Greenwood
12003,Baker
18107,Montgomery
27143,Sibley
53041,Lewis
33011,Hillsborough
13269,Taylor
48191,Hall
31171,Thomas
01101,Montgomery
39081,Jefferson
47135,Perry
26089,Leelanau
02261,Valdez-Cordova
05015,Carroll
46031,Corson
28087,Lowndes
37039,Cherokee
27093,Meeker
13219,Oconee
19011,Benton
42085,Mercer
01029,Cleburne
06055,Napa
21027,Breckinridge
17071,Henderson
19005,Allamakee
26009,Antrim
47165,Sumner
19065,Fayette
48131,Duval
29161,Phelps
26163,Wayne
27111,Otter Tail
18067,Howard
50027,Windsor
37017,Bladen
38029,Emmons
39001,Adams
34025,Monmouth
51105,Lee
38011,Bowman
40079,Le Flore
02230,Skagway
28127,Simpson
21203,Rockcastle
01001,Autauga
21035,Calloway
22077,Pointe Coupee
08125,Yuma
36109,Tompkins
30065,Musselshell
05109,Pike
21143,Lyon
48013,Atascosa
20049,Elk
27065,Kanabec
05087,Madison
22031,De Soto
53067,Thurston
15001,Hawaii
05105,Perry
38017,Cass
41039,Lane
39147,Seneca
26097,Mackinac
29135,Moniteau
39137,Putnam
20033,Comanche
40007,Beaver
04012,La Paz
20145,Pawnee
47037,Davidson
49055,Wayne
39079,Jackson
48347,Nacogdoches
48423,Smith
55055,Jefferson
48439,Tarrant
45029,Colleton
53073,Whatcom
20015,Butler
01043,Cullman
48195,Hansford
29207,Stoddard
29059,Dallas
02020,Anchorage
30019,Daniels
48051,Burleson
38043,Kidder
19063,Emmet
45069,Marlboro
18177,Wayne
45067,Marion
22093,St. James
17187,Warren
39161,Van Wert
48379,Rains
35051,Sierra
45017,Calhoun
12041,Gilchrist
12119,Sumter
56031,Platte
20087,Jefferson
17033,Crawford
39125,Paulding
28015,Carroll
26007,Alpena
40147,Washington
47101,Lewis
48455,Trinity
13077,Coweta
51670,Hopewell
42119,Union
48069,Castro
17147,Piatt
08087,Morgan
13095,Dougherty
37097,Iredell
28147,Walthall
37139,Pasquotank
02050,Bethel
26085,Lake
13257,Stephens
48141,El Paso
31149,Rock
54099,Wayne
53001,Adams
39099,Mahoning
13255,Spalding
31029,Chase
21005,Anderson
13163,Jefferson
48111,Dallam
48083,Coleman
51043,Clarke
47047,Fayette
37183,Wake
20143,Ottawa
48493,Wilson
18073,Jasper
47111,Macon
48189,Hale
48373,Polk
54107,Wood
26121,Muskegon
28065,Jefferson Davis
34009,Cape May
48089,Colorado
16031,Cassia
22085,Sabine
02130,Ketchikan Gateway
39065,Hardin
48385,Real
24005,Baltimore
39163,Vinton
15003,Honolulu
33007,Coos
28157,Wilkinson
47005,Benton
31151,Saline
31119,Madison
28105,Oktibbeha
39075,Holmes
19093,Ida
24031,Montgomery
39015,Brown
48339,Montgomery
55095,Polk
26143,Roscommon
05117,Prairie
29069,Dunklin
48435,Sutton
36035,Fulton
18171,Warren
54051,Marshall
24029,Kent
28033,DeSoto
45015,Berkeley
48499,Wood
48197,Hardeman
22105,Tangipahoa
27103,Nicollet
16025,Camas
13259,Stewart
26103,Marquette
36053,Madison
41031,Jefferson
35057,Torrance
18017,Cass
13201,Miller
26025,Calhoun
01047,Dallas
19145,Page
16049,Idaho
20177,Shawnee
47057,Grainger
06109,Tuolumne
54065,Morgan
51650,Hampton
22003,Allen
48023,Baylor
53057,Skagit
16065,Madison
36077,Otsego
28045,Hancock
29089,Howard
26017,Bay
46027,Clay
13117,Forsyth
48361,Orange
46005,Beadle
48085,Collin
29221,Washington
13087,Decatur
20005,Atchison
47139,Polk
17021,Christian
37119,Mecklenburg
05017,Chicot
22033,East Baton Rouge
20101,Lane
36025,Delaware
37159,Rowan
04003,Cochise
40081,Lincoln
26027,Cass
27153,Todd
17057,Fulton
22013,Bienville
20193,Thomas
32023,Nye
27079,Le Sueur
45079,Richland
42025,Carbon
26005,Allegan
22035,East Carroll
46043,Douglas
23009,Hancock
55079,Milwaukee
40013,Bryan
45019,Charleston
20175,Seward
12115,Sarasota
28129,Smith
20199,Wallace
53027,Grays Harbor
26077,Kalamazoo
12055,Highlands
48449,Titus
06051,Mono
48203,Harrison
46055,Haakon
49025,Kane
24041,Talbot
27081,Lincoln
17165,Saline
17135,Montgomery
39091,Logan
45009,Bamberg
21165,Menifee
21073,Franklin
21193,Perry
26157,Tuscola
18165,Vermillion
47027,Clay
13003,Atkinson
46007,Bennett
28137,Tate
24019,Dorchester
27131,Rice
35037,Quay
39049,Franklin
34039,Union
29093,Iron
41035,Klamath
19001,Adair
13047,Catoosa
38055,McLean
17167,Sangamon
26073,Isabella
33005,Cheshire
17003,Alexander
35017,Grant
36087,Rockland
29189,St. Louis
02220,Sitka
55139,Winnebago
31121,Merrick
51590,Danville
40071,Kay
29045,Clark
29195,Saline
48253,Jones
08019,Clear Creek
06015,Del Norte
50005,Caledonia
26141,Presque Isle
23015,Lincoln
47151,Scott
28017,Chickasaw
29127,Marion
56007,Carbon
39059,Guernsey
37099,Jackson
24510,Baltimore City
54049,Marion
55059,Kenosha
47121,Meigs
36119,Westchester
51790,Staunton
51165,Rockingham
69000,
38083,Sheridan
41009,Columbia
06085,Santa Clara
08097,Pitkin
18053,Grant
47023,Chester
56029,Park
26081,Kent
26131,Ontonagon
41017,Deschutes
36101,Steuben
02185,North Slope
31073,Gosper
28149,Warren
21087,Green
48433,Stonewall
16081,Teton
12093,Okeechobee
05053,Grant
47077,Henderson
08123,Weld
37037,Chatham
26031,Cheboygan
30061,Mineral
53061,Snohomish
51191,Washington
49039,Sanpete
37021,Buncombe
48233,Hutchinson
53037,Kittitas
40063,Hughes
18169,Wabash
46067,Hutchinson
17015,Carroll
37177,Tyrrell
33015,Rockingham
29121,Macon
31137,Phelps
51033,Caroline
47069,Hardeman
48357,Ochiltree
30005,Blaine
08031,Denver
19185,Wayne
33009,Grafton
09001,Fairfield
29155,Pemiscot
05119,Pulaski
26041,Delta
46097,Miner
48421,Sherman
38035,Grand Forks
12065,Jefferson
33017,Strafford
39141,Ross
21161,Mason
36039,Greene
26001,Alcona
29085,Hickory
13321,Worth
19147,Palo Alto
05133,Sevier
29157,Perry
38049,McHenry
42121,Venango
37135,Orange
46049,Faulk
16029,Caribou
30001,Beaverhead
28021,Claiborne
19153,Polk
40115,Ottawa
42027,Centre
27145,Stearns
37145,Person
48125,Dickens
06007,Butte
19099,Jasper
42097,Northumberland
39151,Stark
29199,Scotland
05075,Lawrence
20167,Russell
19009,Audubon
08043,Fremont
48481,Wharton
21221,Trigg
08049,Grand
39051,Fulton
49051,Wasatch
50015,Lamoille
39167,Washington
18161,Union
28107,Panola
51181,Surry
45049,Hampton
37031,Carteret
21033,Caldwell
51011,Appomattox
40059,Harper
35055,Taos
19049,Dallas
12039,Gadsden
29095,Jackson
31165,Sioux
31061,Franklin
40095,Marshall
29151,Osage
30107,Wheatland
34001,Atlantic
29111,Lewis
29099,Jefferson
13179,Liberty
39169,Wayne
29097,Jasper
29113,Lincoln
18021,Clay
26161,Washtenaw
30071,Phillips
46089,McPherson
26111,Midland
37109,Lincoln
39083,Knox
55021,Columbia
47009,Blount
06019,Fresno
20065,Graham
42051,Fayette
55061,Kewaunee
18093,Lawrence
16045,Gem
21175,Morgan
02100,Haines
36073,Orleans
30035,Glacier
29159,Pettis
40105,Nowata
35011,De Baca
34019,Hunterdon
53007,Chelan
31035,Clay
18143,Scott
48167,Galveston
28091,Marion
27163,Washington
41007,Clatsop
51107,Loudoun
16039,Elmore
38001,Adams
39027,Clinton
01115,St. Clair
46069,Hyde
30063,Missoula
19023,Butler
28133,Sunflower
48145,Falls
55025,Dane
31005,Arthur
53023,Garfield
35005,Chaves
33019,Sullivan
36011,Cayuga
01049,DeKalb
50019,Orleans
13235,Pulaski
48037,Bowie
54055,Mercer
53019,Ferry
20019,Chautauqua
12133,Washington
04011,Greenlee
20105,Lincoln
19113,Linn
47177,Warren
08113,San Miguel
13131,Grady
22073,Ouachita
42059,Greene
13181,Lincoln
05033,Crawford
21017,Bourbon
47099,Lawrence
22053,Jefferson Davis
37129,New Hanover
02198,Prince of Wales-Hyder
20201,Washington
20059,Franklin
17103,Lee
29043,Christian
20017,Chase
13229,Pierce
13143,Haralson
42123,Warren
29079,Grundy
13065,Clinch
37195,Wilson
17009,Brown
54011,Cabell
06101,Sutter
13035,Butts
24009,Calvert
39085,Lake
25011,Franklin
41025,Harney
39043,Erie
20129,Morton
55121,Trempealeau
45059,Laurens
38025,Dunn
46051,Grant
53047,Okanogan
12083,Marion
24035,Queen Anne's
06003,Alpine
16057,Latah
29123,Madison
18173,Warrick
37071,Gaston
51155,Pulaski
12009,Brevard
21207,Russell
31015,Boyd
34021,Mercer
17155,Putnam
48223,Hopkins
49031,Piute
48429,Stephens
51800,Suffolk
40075,Kiowa
05029,Conway
08081,Moffat
19095,Iowa
19133,Monona
05135,Sharp
31019,Buffalo
21155,Marion
47039,Decatur
48387,Red River
35027,Lincoln
48099,Coryell
31001,Adams
21213,Simpson
36055,Monroe
45087,Union
48305,Lynn
19073,Greene
49029,Morgan
45061,Lee
09009,New Haven
21115,Johnson
29173,Ralls
31167,Stanton
04027,Yuma
54067,Nicholas
29171,Putnam
19079,Hamilton
48157,Fort Bend
19115,Louisa
31181,Webster
05113,Polk
19161,Sac
16013,Blaine
28051,Holmes
31123,Morrill
51017,Bath
31117,McPherson
31103,Keya Paha
46123,Tripp
01011,Bullock
55031,Douglas
39143,Sandusky
19189,Winnebago
51061,Fauquier
27035,Crow Wing
42003,Allegheny
20135,Ness
26015,Barry
21075,Fulton
18049,Fulton
40003,Alfalfa
29025,Caldwell
37155,Robeson
27073,Lac qui Parle
48405,San Augustine
48211,Hemphill
36103,Suffolk
16001,Ada
28039,George
51683,Manassas
36049,Lewis
18051,Gibson
24013,Carroll
37073,Gates
28003,Alcorn
51053,Dinwiddie
12043,Glades
37053,Currituck
08077,Mesa
30095,Stillwater
26135,Oscoda
17091,Kankakee
08079,Mineral
40133,Seminole
27095,Mille Lacs
54077,Preston
20025,Clark
17061,Greene
39025,Clermont
48399,Runnels
55127,Walworth
17077,Jackson
42079,Luzerne
41069,Wheeler
47143,Rhea
29125,Maries
17099,LaSalle
13081,Crisp
51059,Fairfax
31127,Nemaha
31071,Garfield
02180,Nome
40045,Ellis
48313,Madison
23017,Oxford
20149,Pottawatomie
29017,Bollinger
19181,Warren
29101,Johnson
29133,Mississippi
17151,Pope
01125,Tuscaloosa
29021,Buchanan
56009,Converse
56005,Campbell
48437,Swisher
48287,Lee
54035,Jackson
29115,Linn
40135,Sequoyah
08103,Rio Blanco
39069,Henry
20181,Sherman
28131,Stone
51079,Greene
18121,Parke
12053,Hernando
47137,Pickett
49017,Garfield
30097,Sweet Grass
28115,Pontotoc
28083,Leflore
28139,Tippah
29179,Reynolds
40137,Stephens
51143,Pittsylvania
27037,Dakota
24003,Anne Arundel
37165,Scotland
39089,Licking
56011,Crook
21047,Christian
48367,Parker
41071,Yamhill
29205,Shelby
45065,McCormick
16051,Jefferson
21011,Bath
26049,Genesee
22057,Lafourche
35028,Los Alamos
17023,Clark
26033,Chippewa
19043,Clayton
31101,Keith
49047,Uintah
40119,Payne
20023,Cheyenne
29165,Platte
29041,Chariton
51183,Sussex
04001,Apache
47163,Sullivan
31139,Pierce
55081,Monroe
26099,Macomb
13079,Crawford
05147,Woodruff
27055,Houston
48257,Kaufman
51167,Russell
04009,Graham
48063,Camp
42129,Westmoreland
55119,Taylor
48055,Caldwell
01131,Wilcox
12031,Duval
48175,Goliad
26075,Jackson
08093,Park
40001,Adair
26117,Montcalm
56017,Hot Springs
37069,Franklin
51141,Patrick
01031,Coffee
29001,Adair
46037,Day
55003,Ashland
27107,Norman
17143,Peoria
13175,Laurens
48471,Walker
55093,Pierce
21187,Owen
20203,Wichita
29019,Boone
24015,Cecil
40021,Cherokee
18111,Newton
51685,Manassas Park
39109,Miami
32031,Washoe
18141,St. Joseph
08025,Crowley
28059,Jackson
31111,Lincoln
21111,Jefferson
12035,Flagler
22127,Winn
26039,Crawford
47105,Loudon
36007,Broome
19187,Webster
18113,Noble
36051,Livingston
31051,Dixon
18099,Marshall
48333,Mills
21099,Hart
29055,Crawford
18181,White
39003,Allen
47003,Bedford
47155,Sevier
05047,Franklin
26119,Montmorency
20147,Phillips
13101,Echols
35029,Luna
48255,Karnes
47051,Franklin
26021,Berrien
19167,Sioux
01087,Macon
46065,Hughes
30037,Golden Valley
31013,Box Butte
17137,Morgan
20093,Kearny
51029,Buckingham
27031,Cook
46041,Dewey
47065,Hamilton
22091,St. Helena
12123,Taylor
13261,Sumter
22043,Grant
13103,Effingham
19029,Cass
17169,Schuyler
13031,Bulloch
17115,Macon
18043,Floyd
46011,Brookings
22011,Beauregard
17175,Stark
04019,Pima
26023,Branch
17157,Randolph
30075,Powder River
08033,Dolores
55041,Forest
39095,Lucas
51071,Giles
42127,Wayne
54015,Clay
01051,Elmore
48479,Webb
48281,Lampasas
35021,Harding
28049,Hinds
27119,Polk
13085,Dawson
21029,Bullitt
26095,Luce
21113,Jessamine
56027,Niobrara
32001,Churchill
48275,Knox
13303,Washington
12061,Indian River
48053,Burnet
46119,Sully
28151,Washington
13313,Whitfield
08014,Broomfield
29039,Cedar
39111,Monroe
31007,Banner
17063,Grundy
31023,Butler
06105,Trinity
27151,Swift
13281,Towns
48467,Van Zandt
20115,Marion
20043,Doniphan
48035,Bosque
13071,Colquitt
48445,Terry
06093,Siskiyou
31003,Antelope
29073,Gasconade
37163,Sampson
01009,Blount
36031,Essex
38065,Oliver
40029,Coal
40149,Washita
11001,District of Columbia
53005,Benton
20173,Sedgwick
17159,Richland
28053,Humphreys
41047,Marion
18117,Orange
13209,Montgomery
48425,Somervell
13241,Rabun
48389,Reeves
48229,Hudspeth
35049,Santa Fe
54095,Tyler
54003,Berkeley
38031,Foster
01121,Talladega
18097,Marion
17149,Pike
18101,Martin
35035,Otero
21159,Martin
48235,Irion
01019,Cherokee
53071,Walla Walla
13165,Jenkins
51121,Montgomery
19089,Howard
28163,Yazoo
47035,Cumberland
13063,Clayton
12121,Suwannee
28141,Tishomingo
39113,Montgomery
32021,Mineral
19081,Hancock
29057,Dade
17039,De Witt
31159,Seward
12081,Manatee
35025,Lea
19015,Boone
06047,Merced
31089,Holt
48073,Cherokee
39135,Preble
20045,Douglas
55125,Vilas
48031,Blanco
40125,Pottawatomie
20067,Grant
45055,Kershaw
48057,Calhoun
19127,Marshall
20091,Johnson
25013,Hampden
56019,Johnson
55035,Eau Claire
31017,Brown
19171,Tama
36033,Franklin
46075,Jones
55001,Adams
02290,Yukon-Koyukuk
01085,Lowndes
37079,Greene
12097,Osceola
48015,Austin
13089,DeKalb
36057,Montgomery
05073,Lafayette
51161,Roanoke
01025,Clarke
13287,Turner
21089,Greenup
51775,Salem
37057,Davidson
38091,Steele
23021,Piscataquis
05079,Lincoln
51023,Botetourt
47173,Union
19163,Scott
41019,Douglas
28161,Yalobusha
42117,Tioga
37033,Caswell
39053,Gallia
08109,Saguache
39127,Perry
21031,Butler
47089,Jefferson
18013,Brown
51600,Fairfax City
54009,Brooke
28035,Forrest
29143,New Madrid
21139,Livingston
55063,La Crosse
54007,Braxton
38069,Pierce
37005,Alleghany
08061,Kiowa
48093,Comanche
21223,Trimble
13139,Hall
48029,Bexar
05055,Greene
19027,Carroll
20027,Clay
48265,Kerr
21205,Rowan
36113,Warren
01057,Fayette
46125,Turner
51119,Middlesex
46121,Todd
51063,Floyd
45041,Florence
40123,Pontotoc
29013,Bates
18131,Pulaski
19037,Chickasaw
27023,Chippewa
35019,Guadalupe
53009,Clallam
36069,Ontario
48271,Kinney
17027,Clinton
55047,Green Lake
18083,Knox
17089,Kane
12095,Orange
50009,Essex
13059,Clarke
47085,Humphreys
10001,Kent
37041,Chowan
27029,Clearwater
18079,Jennings
13009,Baldwin
12045,Gulf
29011,Barton
36099,Seneca
54081,Raleigh
48267,Kimble
22045,Iberia
08047,Gilpin
47107,McMinn
13161,Jeff Davis
55099,Price
48407,San Jacinto
47167,Tipton
48371,Pecos
19119,Lyon
21049,Clark
31037,Colfax
28111,Perry
21127,Lawrence
49057,Weber
40103,Noble
18069,Huntington
56041,Uinta
51810,Virginia Beach
28117,Prentiss
29051,Cole
26055,Grand Traverse
47115,Marion
47145,Roane
27011,Big Stone
04023,Santa Cruz
51009,Amherst
17189,Washington
32009,Esmeralda
35047,San Miguel
13213,Murray
05019,Clark
51540,Charlottesville
45011,Barnwell
56003,Big Horn
06103,Tehama
48047,Brooks
45077,Pickens
51069,Frederick
49035,Salt Lake
21061,Edmonson
02122,Kenai Peninsula
21097,Harrison
51041,Chesterfield
18031,Decatur
30093,Silver Bow
47157,Shelby
17179,Tazewell
28077,Lawrence
01097,Mobile
36015,Chemung
29065,Dent
04017,Navajo
13293,Upson
21059,Daviess
27097,Morrison
16035,Clearwater
22079,Rapides
54109,Wyoming
40143,Tulsa
48017,Bailey
27019,Carver
05121,Randolph
28037,Franklin
42133,York
47131,Obion
06073,San Diego
39039,Defiance
37011,Avery
27147,Steele
48221,Hood
13113,Fayette
48485,Wichita
51530,Buena Vista
18103,Miami
37027,Caldwell
19111,Lee
39149,Shelby
39067,Harrison
48097,Cooke
29003,Andrew
39097,Madison
01107,Pickens
22061,Lincoln
36079,Putnam
46063,Harding
46059,Hand
37149,Polk
40035,Craig
46003,Aurora
27041,Douglas
18091,LaPorte
36111,Ulster
12131,Walton
45035,Dorchester
42017,Bucks
48219,Hockley
08055,Huerfano
16021,Boundary
20063,Gove
29075,Gentry
38059,Morton
12089,Nassau
35013,Dona Ana
48009,Archer
55005,Barron
51005,Alleghany
30051,Liberty
31039,Cuming
19179,Wapello
21101,Henderson
46039,Deuel
37197,Yadkin
15007,Kauai
39005,Ashland
32005,Douglas
47081,Hickman
21145,McCracken
16027,Canyon
37157,Rockingham
21199,Pulaski
30067,Park
27165,Watonwan
16087,Washington
01113,Russell
40065,Jackson
13055,Chattooga
17013,Calhoun
27133,Rock
21019,Boyd
46025,Clark
48503,Young
55109,St. Croix
20185,Stafford
05095,Monroe
37077,Granville
28097,Montgomery
13215,Muscogee
18071,Jackson
13033,Burke
30007,Broadwater
78000,
41061,Union
19017,Bremer
42045,Delaware
22019,Calcasieu
19047,Crawford
20165,Rush
51081,Greensville
55033,Dunn
55037,Florence
46093,Meade
18175,Washington
55103,Richland
01003,Baldwin
01017,Chambers
47175,Van Buren
47063,Hamblen
19193,Woodbury
13207,Monroe
17177,Stephenson
38085,Sioux
13253,Seminole
51103,Lancaster
08053,Hinsdale
48123,DeWitt
27105,Nobles
51131,Northampton
19057,Des Moines
28013,Calhoun
29029,Camden
17185,Wabash
48033,Borden
13251,Screven
45013,Beaufort
48019,Bandera
48335,Mitchell
19069,Franklin
37003,Alexander
26159,Van Buren
26165,Wexford
47019,Carter
27083,Lyon
19101,Jefferson
06005,Amador
26043,Dickinson
17005,Bond
47103,Lincoln
18135,Randolph
22001,Acadia
20121,Miami
17203,Woodford
13019,Berrien
47017,Carroll
34027,Morris
27077,Lake of the Woods
55117,Sheboygan
29103,Knox
19051,Davis
18095,Madison
12015,Charlotte
55131,Washington
22027,Claiborne
19087,Henry
48187,Guadalupe
21137,Lincoln
38067,Pembina
18089,Lake
31057,Dundy
48375,Potter
42031,Clarion
46083,Lincoln
13167,Johnson
20127,Morris
17025,Clay
22005,Ascension
48441,Taylor
35031,McKinley
19141,O'Brien
13129,Gordon
19151,Pocahontas
21003,Allen
17055,Franklin
36059,Nassau
05091,Miller
35006,Cibola
40025,Cimarron
12113,Santa Rosa
27047,Freeborn
21083,Graves
34013,Essex
55009,Brown
13309,Wheeler
19173,Taylor
35007,Colfax
40073,Kingfisher
21129,Lee
48457,Tyler
24023,Garrett
51169,Scott
17101,Lawrence
25017,Middlesex
06011,Colusa
30111,Yellowstone
22063,Livingston
33003,Carroll
38075,Renville
16083,Twin Falls
37075,Graham
30031,Gallatin
48027,Bell
40023,Choctaw
20089,Jewell
31083,Harlan
56043,Washakie
16015,Boise
06077,San Joaquin
25009,Essex
17113,McLean
13307,Webster
37137,Pamlico
22101,St. Mary
16005,Bannock
40053,Grant
42041,Cumberland
38063,Nelson
30025,Fallon
12069,Lake
05143,Washington
23025,Somerset
51193,Westmoreland
55071,Manitowoc
29077,Greene
42115,Susquehanna
51147,Prince Edward
17011,Bureau
49041,Sevier
51550,Chesapeake
16079,Shoshone
38045,LaMoure
02090,Fairbanks North Star
26083,Keweenaw
38009,Bottineau
13199,Meriwether
56035,Sublette
17001,Adams
01023,Choctaw
37107,Lenoir
28121,Rankin
18123,Perry
27141,Sherburne
55087,Outagamie
47125,Montgomery
24043,Washington
55073,Marathon
48149,Fayette
20079,Harvey
13311,White
06063,Plumas
18023,Clinton
17079,Jasper
37045,Cleveland
17007,Boone
19117,Lucas
41023,Grant
47147,Robertson
27021,Cass
20039,Decatur
08057,Jackson
55049,Iowa
31135,Perkins
47127,Moore
28093,Marshall
37055,Dare
29015,Benton
48129,Donley
02060,Bristol Bay
13061,Clay
38037,Grant
12079,Madison
31133,Pawnee
05031,Craighead
55043,Grant
19149,Plymouth
45071,Newberry
21121,Knox
26065,Ingham
13045,Carroll
13275,Thomas
30011,Carter
41051,Multnomah
08017,Cheyenne
51025,Brunswick
22051,Jefferson
48505,Zapata
13247,Rockdale
20031,Coffey
48135,Ector
13073,Columbia
29007,Audrain
36071,Orange
13159,Jasper
16085,Valley
51175,Southampton
02150,Kodiak Island
54023,Grant
06071,San Bernardino
51740,Portsmouth
05093,Mississippi
29117,Livingston
18009,Blackford
38021,Dickey
16055,Kootenai
22039,Evangeline
39087,Lawrence
37179,Union
20125,Montgomery
18001,Adams
54039,Kanawha
48353,Nolan
19105,Jones
51133,Northumberland
29149,Oregon
53021,Franklin
06035,Lassen
17195,Whiteside
01089,Madison
56023,Lincoln
19103,Johnson
48071,Chambers
51610,Falls Church
37153,Richmond
46085,Lyman
39171,Williams
20179,Sheridan
18127,Porter
12047,Hamilton
51099,King George
21045,Casey
48289,Leon
31105,Kimball
46081,Lawrence
48077,Clay
39029,Columbiana
01109,Pike
48171,Gillespie
39023,Clark
20041,Dickinson
51037,Charlotte
49019,Grand
47041,DeKalb
31095,Jefferson
22047,Iberville
17161,Rock Island
40099,Murray
46053,Gregory
08115,Sedgwick
18007,Benton
46127,Union
30009,Carbon
47093,Knox
21117,Kenton
53035,Kitsap
48273,Kleberg
21233,Webster
16053,Jerome
27161,Waseca
21067,Fayette
01123,Tallapoosa
22123,West Carroll
21095,Harlan
02275,Wrangell
01079,Lawrence
44007,Providence
39093,Lorain
13231,Pike
37009,Ashe
08101,Pueblo
48293,Limestone
16043,Fremont
36117,Wayne
37061,Duplin
16019,Bonneville
41005,Clackamas
47153,Sequatchie
13185,Lowndes
12033,Escambia
29105,Laclede
27117,Pipestone